{"Lr":5.447941888619855e-08,"Train Loss":1.4923993349075317,"_timestamp":1.7461200708313398e+09,"_runtime":2356.4678866,"_step":4,"_wandb":{"runtime":2988}}